María Payá Acevedo;Q24287381
Yser Testament;Q2166242
Clifton Hurburgh;Q23035352
Wired for Sound (song);Q51268777
Pinckney Corners Cemetery;Q22919925
Florence White (painter);Q23662303
Jake Fenlason;Q24062669
Jonathan Rosand;Q23765874
William Norman Herbert;Q19933900
39th Japan Academy Film Prize;Q22130410
Pukhov;Q56540363
Scanning electron cryomicroscopy;Q25304931
Monte-Carlo Pavilions;Q21548974
Asoke Chatterjee;Q23683517
High Liner Foods;Q25001014
Pau Torres (footballer, born 1987);Q21483951
Assim Jamal;Q17859733
F.C. Oswestry Town;Q24185289
2015–16 Women's EHF Champions League knockout stage;Q22912254
Rotel Tours;Q2168296
Gertrude Macdonald;Q21464386
Gang Albanii;Q20028887
Juan Velarde (aviator);Q24006548
Rogers Park (band);Q25056355
4-Carboxybenzaldehyde;Q23662583
Langham Island;Q24192746
William E. Foster;Q18911348
Associative memory (psychology);Q25339939
Joško Svaguša;Q23416579
Gaius Oppius Sabinus;Q719001
Mihail Andricu;Q2066236
Production assurance;Q24965064
White Sands, South Australia;Q48770878
Anastassiya Rostovchshikova;Q22957099
Zagatala PFK;Q23777444
Juan Velarde (economist);Q3753442
Washburn House (Guy, Arkansas);Q25005233
Chedean Nation;Q23884120
Obarzanek;Q25101583
The Student's Romance;Q23755572
List of international cricket five-wicket hauls at Eden Park;Q24998483
Bernhard Kölver;Q24680522
Albia Square and Central Commercial Historic District;Q24256862
Fort Findlay;Q25110409
Jack Burke (cyclist);Q22958654
Azrael (Gotham episode);Q24908912
Yannick Deschamps;Q4022526
John of Saint-Denis;Q4202384
Ahmed Al-Suhail;Q23048321
Leave It Alone (Moist song);Q25205161
National Highway 335 (India);Q25352234
XHBY-FM;Q25001889
Waterless fracturing;Q25323966
Mitchell War Memorial;Q23003022
William Sheret;Q23683368
Tetsuta Nagashima;Q16034898
David John Garland;Q21536217
Slaves' Prison;Q24950900
Jhoot;Q24908296
Kanakpur,Chincholi;Q24945863
Semera (state constituency);Q25246314
Timetree;Q24965393
Connor Freff Cochran;Q24963050
Louis Olinde;Q22661405
Judith Friedlander;Q24053621
Carys Phillips;Q24007430
Subir Bhattacharjee;Q23771815
Omar Yahya;Q24007538
List of Underbelly episodes;Q16967994
Yang Prefecture (Jiangsu);Q25206618
1987 Yokohama/Bob Jane T-Marts 300;Q24190012
Terrorist incidents in Iraq in 2016;Q22948735
Arizona Department of Gaming;Q23012837
Kim Song-bok;Q23015011
Sacrum bone of Tequixquiac;Q1602454
Heligmomerus taprobanicus;Q2914833
Excess skin;Q24026721
Beer in Indonesia;Q23461281
Kolky, Volyn Oblast;Q1010088
Volha Masiukovich;Q22951008
Jamienne S. Studley;Q29446221
List of Yuva Puraskar winners for Bodo;Q24915534
Neulußheim station;Q16831719
Budithi Bell and Brass Craft;Q24945518
Halabisah;Q24909355
Apollodorus of Cyrene;Q11906229
Star Wars: Princess Leia;Q23763053
Evangelia Chatziefraimoglou;Q22956691
Hugh Corvin;Q23688772
Warren Nature Reserve;Q24993603
List of Los Angeles Kiss seasons;Q23015052
Richard P. Cueroni;Q22958882
Derrick Williams (hurdler);Q23774398
Blanca Enriquez;Q24260881
Cryptophasa isoneura;Q13502945
Miscellany (EP);Q25096286
Prasophyllum pallens;Q15489507
Håfreströms IF;Q25103894
Jintian Park;Q25104313
Room Experience;Q23763154
Rohnert Park station;Q23010114
Airborne Sensor Operator;Q25245489
Masterkraft (producer);Q25189552
List of horror films of 2016;Q23013510
The Circus: Inside the Greatest Political Show on Earth;Q23762899
Alexis le Breton;Q24007858
Héctor el Father discography;Q25025198
Kumpf;Q37492121
Hillevåg Church;Q11975383
Franz Heck;Q1447136
Oren F. and Adelia Parker House;Q25005991
National Commission for the Fight against Genocide;Q24964537
Wañuma (Bolivia);Q25207489
Limonada (album);Q21203237
Insignia trilogy;Q16254355
Camille Schmutz;Q23772657
IFK Maryland;
Jim Creek (Boxelder Creek tributary);Q25204831
Kampala Medical Chambers Hospital;Q24236537
Al-ʿIqd al-Farīd;Q6418033
Zohreh Tabatabai;Q23772145
Heracleides (uncle);Q25240881
2016 Italian Basketball Cup;Q23021987
Wisconsin v. City of New York;Q25057252
H+, Na+-translocating pyrophosphatase family;Q24722061
Sandip Sen;Q23416989
Rowing at the 1936 Summer Olympics – Men's coxless four;Q16536298
Gregory Brigman;Q63314251
Bike (TV channel);Q25339750
Plumerville School Building;Q24040224
Dmitry Guberniev;Q4151354
Trevor Wrensford;Q23772131
Pan Pan (badminton);Q2048837
North Mountain (film);Q25136591
National Women's Liberation Conference;Q25091620
SkiWelt;Q2292116
UFC 199;Q23022829
Georgina García Pérez;Q21402261
2016 Philippine House of Representatives elections in Northern Mindanao;Q25246187
Norman Kendrew;Q23688848
Gloeocantharellus purpurascens;Q10505608
Zymrina;Q18523754
Dr. Krieger;Q25100713
Kari Chirathe;Q24038017
Stacki;Q25345761
Pseudoterinaea indica;Q14746250
Eremophila santalina;Q15593922
Cadoxton Court Dovecote;Q17743781
Talehunt;Q23680006
Father's Day (1996 film);Q1673177
Lise Charmel;Q16656025
XHXU-FM;Q25000906
Takayuki Hirao;Q11482472
Mirko Trosino;Q21994165
1917 Northwestern Purple football team;Q23303307
Lakeland Public Library;Q24260914
Tandur, Mancherial district;
Christer Hammargren;Q5786701
The Cruise (2016 TV series);Q25184008
Victor Sosnora;Q3557586
Christina Stojanova;Q23046076
Anne Rose Kitagawa;Q23883544
Pygmalion and Galatea;Q27793021
Rudy del Rosario;Q23770434
1992 South Africa vs New Zealand rugby union match;Q24233966
Moscardó;Q11937679
Himyar ibn al-Harith;Q24970841
Podolian cattle;Q23927044
Samarai Islands;Q23582250
Fred Bartholomew;Q23581920
Wowei River;Q24013580
Govt. Sheikh Fazilatunnesa Mujib Mohila College;Q24946671
XHNAL-FM;Q24987648
Protium copal;Q15546961
Satyanarayana UDA Lake Park;Q24951704
Sankuru District;Q104842358
Aya Shimokozuru;Q11360801
Cocoanut (film);Q3342785
Wassertorplatz;Q1272122
Maurice Ordonneau;Q961895
Jan Vreman;Q2383965
List of gliders (V);Q25222861
Andrew Leeds (actor);Q23303183
2016 IFA Shield;Q23058000
Charles Crandall;Q25102092
Niccolò di Tommaso;Q559655
Bulent Diken;Q23883364
Drop-in replacement;Q1260249
John Edwards House (Charleston, South Carolina);Q25212616
Lenah Cheruiyot;Q1817376
Moherloob;Q24196812
Inge Edler;Q1662766
Trachones Field;Q25062282
William Bowen (British politician);Q23582802
Vafa Huseynova;Q24053741
Ania Ruiz;Q22069552
Simon Proulx-Sénécal;Q22673824
Vincenzo Ercolano;Q23908710
Volcanic Eifel Nature Park;Q15122582
The Dark at the Top of the Stairs (film);Q1444624
Bucksturm;Q999915
Kotasattemma Temple, Nidadavolu;Q23793239
Peter Janney;Q23887848
Ben Perry;Q20643377
Multichannel analyzer;Q25104125
Kylie Cosmetics;Q28859450
James D. Warner;Q23071536
Joyce Rose;Q23900855
Femme de la rue;Q2194701
Ralph W. Sallee;Q24006800
Gabriel the Hilandarian;Q25080777
Schmidt Glacier (Antarctica);Q21472532
Carioca Arena 1;Q7089149
Makov;Q395199
Once Upon a Dead Man;Q24075032
Autumn Days;Q16303129
Whai Ngata;Q23696505
Eremophila oblonga;Q15595233
International Management Institute, Bhubaneswar;Q24950025
Kiwanis Trail;Q24061925
German submarine U-2355;Q19937366
Vance County High School;Q24040160
1991 IAAF World Indoor Championships – Women's 1500 metres;Q25221481
The Church of the Three Bishops of Kobuleti;Q23806843
Daphne Zileri;Q24050414
Stringtown House;Q24061832
Odites citrantha;Q14648999
Zsazsa Zaturnnah Ze Moveeh;Q11307655
Swansong (play);Q19178995
Kappa Delta Epsilon;Q25141696
2016 Toulon Tournament;Q23307917
Yellow Creek (South Dakota);Q25205010
Tracy Miller;Q23664277
2016 Lillestrøm SK season;Q24907713
Baidoa suicide bombing;Q23022115
Doug Eisenman;Q23418765
Jiang Hongquan;Q23664264
2016 Thai constitutional referendum;Q24908725
Hew Butler;Q23583304
Andy Janovich;Q24150920
Podi;Q1199093
Everett Buildings;Q24191234
Aphonopelma chiricahua;Q22833434
Sleeping by the Riverside;Q24958166
Oz (given name);Q25114608
Santa Giusta, Bazzano, L'Aquila;Q22263726
George Rogers Taylor;Q23303036
Dorcadion scrobicolle;Q14807375
Greg Prosser;Q24182511
Rigorosum;Q255043
Kaká (footballer, born May 1991);Q24005340
George Marriott;Q24034907
Gawler Ranges, South Australia;Q28183425
Andrew Brody;Q24150734
Lucius Virius Lupus Iulianus;Q347208
High School Affiliated to Shaanxi Normal University;Q15909823
Kindrum Lough;Q23014379
Jānis Alksnis;Q23133386
Jetboard (Hydroflight Sports);Q24038461
Li Zicheng (politician, born 1959);Q24055691
B. spectabilis;Q25101805
Mohammed Rabee;Q23881834
Gaurika Singh;Q23762473
Michel Bernheim;Q3308997
Apollonius of Chalcedon;Q3413773
2016 Arizona Democratic presidential primary;Q23304023
Seppo Linnainmaa;Q23682411
Helen Battle;Q23757113
XHATM-FM;Q25001750
Champdor-Corcelles;Q21979656
Johannes Johannesen;Q24038947
Woo Won-shik;Q16090388
Gora Glušići;Q2033644
Orme and Sons;Q24060275
List of sugar manufacturers in Tanzania;Q25037243
Valérie Guiyoule;Q11900320
Xiangshan, Taipei;Q15919621
Jeffrey P. Weaver;Q23008250
Zero Point Frontiers Corporation;Q24965336
Martina (surname);Q17541986
Independent advisory firm;Q25245493
Sarah Leo;Q23883110
Bergmönch;Q30308019
Richard Bernabe;Q22975578
452 Fifth Avenue;Q24192513
Plummer-Motz School;Q23035423
List of Archaeological Protected Monuments in Jaffna District;Q22960848
Pablo Seisdedos;Q22344336
Soviet locomotive class L;Q4345692
Samantha Quayle;Q22957653
Avantivarman of Kashmir;Q25352172
Morning Yawn;Q18890529
Katharina Hobgarski;Q20645920
List of the most prominent summits of Canada;Q24191247
Charles Villar;Q24197289
Banca di Credito Popolare di Torre del Greco;Q3633781
1979 Crossley Carpets Trophy;Q3534661
Tsai Yin-feng;Q9362525
2016 Pajot Hills Classic;Q24908082
Jacinto Marques;Q16262755
St. Anthony High School (Detroit);Q25352186
Acacia xanthocarpa;Q9570502
Akap Sinem;
Navrongo Solar Power Station;Q25226950
Michael Ferber;Q23302982
KMM College of Arts and Science;Q24945949
Crawfish Lake;Q22829174
Streptomyces phaeochromogenes;Q26291715
1944 United States Senate election in Ohio;Q104842334
Amarjeet Singh Nagi;Q23765854
St. Peter's First Community Church;Q24062073
Subhan Qureshi;Q23820112
OML29;Q25112821
Sir Philip Reginald le Belward Grey Egerton, 14th Baronet;Q23613158
2016 Brabantse Pijl;Q21072408
Xianyang West railway station;Q10921810
Kimetto;Q25114727
Matthias Hofbauer;Q124756
Paul Siraudin;Q3372207
Alexander Tikhanovich;Q4458404
Doomed (Bring Me the Horizon song);Q25218402
Great Guitars (band);Q7737787
The Fencing Illini;Q25058761
Yelena Lyubimova;Q23050219
National Route 38 (South Korea);Q16099539
Brown Bears women's basketball;Q30325923
List of aircraft (Sp);Q25241950
The New Oscar Pettiford Sextet;Q15965693
Salinibacter ruber;Q12859591
Ebara-ji;Q11455394
Samuel Lalmuanpuia;Q23007995
Subash Vasu;Q24266462
Sathiyan Gnanasekaran;Q24946131
Sorayuth Suthassanachinda;Q3088778
Petit Jean River Bridge (Yell County, Arkansas);Q25248056
Sharon White;Q30707589
Kwinana freight railway;Q24088925
Resource-based learning;Q25313265
Wapato Corrections Facility;Q24693587
Hegel Bulletin;Q45319398
2016–17 Wolverhampton Wanderers F.C. season;Q24083530
Dalton Rapattoni;Q23799334
Hua Hin Municipal Stadium;Q25063942
Anantapur Municipal Corporation;Q16314894
Carthage (municipality);Q28151514
Deaths in February 2003;Q10844413
Republican Liberal Party (Panama);Q25352049
Logic and dialectic;Q25062655
William Stormont Hackett;Q24205811
WNRA;Q113133819
Energy Change Institute;Q24191387
R473 road (Ireland);Q24197074
Hiram D. Morse;Q23073622
Viktor Hey (footballer, born 1996);Q23837479
Basem Al-Montashari;Q20382400
1936–37 Rangers F.C. season;Q29586938
Picnic Spot, Lachhiwala;Q23808613
Mannini;Q1890766
Bwizamani Singh;Q23945365
Dragan Dobrić;Q24088582
Cabangus regius;Q3022367
1998 Junior World Boxing Championships;Q25058642
Abdallah Qara'ali;Q23418837
Fox River Paper Company Historic District;Q24693426
Des Dillon;Q30707363
Ligonier Point Historic District;Q23091878
Shot heard round the world (soccer);Q20994050
Veeranjaneya Temple, Ardhagiri;Q24949039
The Little Thing (1938 film);Q3225430
Haripur, Chanditala-I;Q24949803
Charles Rouxel;Q1799931
Charles Brenner (mathematician);Q23856943
Vladimir Kokovtsov's Cabinet;Q25063284
La nube rosa;Q22667411
Almendrales;Q9604761
Jane Bissell Grabhorn;Q23613030
Bida radiosella;Q25094608
Zoltán Csehi;Q871109
Miehe;Q28745062
Benjamin Caron;Q22958724
Nathalie Du Pasquier;Q20644171
Prairie Heights Senior High School;Q23017169
Bluemouth cichlid;Q136053
Hoosier Theater Building;Q25006368
Elisabeth Hase;Q1329964
Colin McGrath;Q24083703
2016 UCI Track Cycling World Championships – Women's omnium;Q23042044
1977 Colgate International of Australia;Q3535067
Bettina Loved a Soldier;Q3639160
Swimming at the 2016 European Aquatics Championships – Women's 100 metre butterfly;Q24083674
Elizabeth Little (tennis);Q3051240
Kristoffer Halvorsen;Q23058129
2016 La Flèche Wallonne;Q20033471
Al-Tasamoh FC;Q23773660
Livarot-Pays-d'Auge;Q21979809
2016 Abierto Mexicano Telcel – Women's singles;Q22876877
Vanda Wesenhagen;Q23887456
Manumission inscriptions at Delphi;Q22906717
1992 European Athletics Indoor Championships – Women's 1500 metres;Q25221401
Robert White Johnson;Q25024958
Porelli;Q56540315
V. Sasi;Q24055641
Al-Fajaa (Mallah);Q20415365
Deep & Chilled Euphoria;Q22907702
Noble Academy (Chicago);Q24694629
2016 Green Party of England and Wales leadership election;Q24083519
The Queen of Spades (Prokofiev);Q25217693
XHLIA-FM;Q25001747
Mill Creek Bridge (Cherokee, Iowa);Q25205622
Timocratica subovalis;Q14492699
Narmad Suvarna Chandrak;Q24804761
Radyr Golf Club;Q24182572
Teyujagua;Q23682166
Dualite;Q1262652
Fabián Bastidas;Q18221238
Now That I Know;Q47016135
Adana MTB Cup;Q24914446
IPC Athletic Asia-Oceania Championship 2016 – Men's long jump;Q25315529
List of Italy national football team captains;Q2645478
Transient receptor potential calcium channel family;Q25323946
Sergey Kudryavtsev;Q4244608
1992 Moray District Council election;Q24993833
L-Streptose;Q25323841
List of ships of World War II (G);Q23638560
Univrs;Q22909563
Johnstone Shire Hall;Q24190253
Grand River Bridge (Arispe, Iowa);Q25205053
Eliane Elias Sings Jobim;Q24964718
Gou Zhongwen;Q16336174
Nick Jarl;Q24006515
Merelaus the Emperor;Q25333071
My Kitchen Rules (American TV series);Q25223279
Barrel of land;Q1770545
Glad to Be Unhappy (album);Q25095841
Bhit Ja Bhittai;Q25212143
Rollercoaster Restaurant;Q25066825
John Williams (Medal of Honor, born 1828);Q24436008
VC Dinamo Krasnodar (women's volleyball team);Q2618484
Paraguayan Legion;Q25230647
Stanley Llewellyn Perry;Q23822296
Frédéric Ogée;Q23931912
William Jackson III;Q23007845
Ghaggar railway station;Q24949553
Murvyn Vye;Q1953913
Unguarded;Q27792586
Norwegian Biathlon Championships 2016;Q23700625
Govind Ram Nirmalkar;Q23008581
Japu Willk'i;Q25104476
NHS internal market;Q65090159
Køge Å;Q23746220
Made in Israel;Q6813243
2016–17 Women's FIH Hockey World League Round 1;Q23722883
Evgeny Kleshchenko;Q23771412
Mimauxa rufoantennata;Q2748279
Two Red Roses;Q24041267
2016 Lale Cup – Doubles;Q24908334
Accidentalism (art);Q25347092
Alan Cuff;Q23071318
James L. Baughman;Q24259821
Jamb Question;Q23979571
Tohto University;Q11528569
Angelo Visconti;Q17453200
Marinka Khachatryan;Q24048895
Naina Sharma;Q24034394
Bradyville, West Virginia;Q24191705
Domene miranda;Q25096353
Replay (The Outfield album);Q25096109
Labis (federal constituency);Q25241066
2016 Ecuador earthquake;Q23835355
2016 United States presidential election in New Mexico;Q23018316
Semenanyane Airport;Q25036953
Neeraj Chawla;Q23882750
Newborn Foundation;Q24526021
Zoya (singer);Q24550520
Jessie Woolley-Wilson;Q24248203
Rodrigo Vera;Q23771573
Francis H. Morrison House;Q25006423
The Ford Road Show Featuring Bing Crosby;Q25050841
Alex (Verhœven series);Q25183285
Jagdish Lal;Q23901577
Philippe Horvath;Q21887250
XHMOR-FM;Q25001617
Pophalwane;Q24950133
Santa Maria in Valle Porclaneta;Q631656
List of historic places in Southern Alberta;Q24191477
2016 Wests Tigers season;Q23019934
Sascha Mockenhaupt;Q16509199
1994 Tayside Regional Council election;Q24993576
Kattikkulam;Q24949126
Little Gables, Florida;Q23016559
Afrodeezia;Q19859783
Q'illu Q'illu (Bolivia);Q25205964
Reichardia ligulata;Q15602806
Chuqi Sillani (Aroma-Loayza);Q25204549
Alison MacMillan;Q23461785
Bağıştaş 2 Dam;Q24037176
Oresegun Olumide;Q23198862
Vinukonda railway station;Q24947165
Marriage Contract;Q21824909
Karl Čermak;Q12028702
Kennan Ferguson;Q29016791
Sophronica infrafusca;Q14719542
Peaking;Q26868765
Olmazor (town);Q4062707
2016 Budget;Q25101046
2016 BNP Paribas Open – Men's singles;Q23012858
Swimming at the 2016 European Aquatics Championships – Mixed 4 × 100 metre medley relay;Q24083656
The Journal of Law, Medicine & Ethics;Q15760852
Oktisi;Q2017632
Capsicum flexuosum;Q15540707
Na Hyeon-jeong;Q22957004
Lesser-Known Candidates Forum;Q23018313
Jarrett/Favre Motorsports;Q24525687
T.J. Ackerman;Q23939904
Swiss Unihockey;Q1465962
Lonelyhearts (Grimm);Q5978693
Cryptophasa nesograpta;Q13502964
Tendo Mbazzi;Q23409751
Save You;Q3950996
Sudanese Nile Party;Q23777600
Thomas Major;Q18672616
Griswold National Bank;Q24256874
Flying Hostess;Q24053269
Latitude dependent mantle;Q25349330
2016 Asia & Oceania Boxing Olympic Qualification Tournament;Q24907862
Book of Shadows II;Q23044912
Romano R.5;Q25245474
Dorcadion nitidum;Q14806627
Chamberlain Lake;Q25238388
Jaime French (soccer);Q14508236
NCMM;Q25100759
1985 Buffalo mayoral election;Q25104445
Lafayette Welcoming Parade of 1824;Q124485153
Edward Costello (politician);Q23584305
Edwina von Gal;Q24053414
Harry Blinman;Q23613491
Lucie Cadiès;Q15974118
Ernst Kalinka;Q1358899
Ischnocolinopsis;Q20673342
Worship and Believe;Q23013883
Adam Lareef;Q22583602
San Domenico, Cesena;Q25112869
PalmStar Media;Q24913707
Brian Atwood;Q23892584
Uncountry;Q24037604
Josette Abondio;Q3185922
Media.link Communications;Q25062318
Marisa Gonzalez;Q22916713
Pascal Triebel;Q632048
Canon EOS C300 Mark II;Q25221496
Sihala (spider);Q18832956
Mahmoud Saad (footballer, born 1983);Q24006228
Virtual fundamental class;Q108101855
John Allison (footballer);Q23614471
Robert Kipniss;Q24565752
1972 United States presidential election in Rhode Island;Q24436136
Twofold movement;Q23012068
St. Leonard's Church (Boston);Q23302336
Gerald A. Larue;Q23036670
Dorcadion urdzharicum;Q14806616
Dalai Lama Awakening;Q23023101
2016 Campeonato Brasileiro Série D;Q22056323
Chan Yuen Ting;Q22099576
Benno Credé;Q817917
Journeymen Tailors Union;Q24191950
Frank Sotheron;Q24205982
2016 Fed Cup Europe/Africa Zone Group III – Pool A;Q23798929
XHPNX-FM;Q25001760
Fengtian railway station;Q11634176
Jacques Houssin;Q3159124
A-Square (Of Course): The Story of Michigan's Legendary A-Square Records;Q25096061
Casa del Commun Tesoro;Q23641124
List of Wikipedia people;Q48995917
Project Blues: Saturday Suffering Fools;Q24039570
Blayney West Macquarie;Q24521717
Casimir Christoph Schmidel;Q69261
Lluxita (Potosí);Q25206530
List of number-one songs of 2016 (Mexico);Q23022599
Nahor, son of Serug;Q888890
Kyiv Naval Political College;
Screaming Jets (film);Q3476436
Kathryn Aalto;Q24851513
Indian Mountain Site (Site ID: 5BL876);Q25212074
Frank Manly Thorn;Q22919964
Una Himachal railway station;Q12416612
Murder of Giulio Regeni;Q25174971
2000 Colorado Amendment 20;Q27999345
Kellyn Taylor;Q23479504
Fie;Q562029
Eeva Park;Q1295719
Nathan (footballer, born 1994);Q20048260
Cat Herders;Q25062294
Laurynas Beliauskas;Q24053932
German submarine U-3044;Q885260
Gonionota rhacina;Q25095224
Highlands Farm Pit;Q24993721
Zack Furness;Q23409715
William H. Huntington;Q23715147
Daphne glomerata;Q17581379
Ethan Happ;Q23771618
Shon;Q25302837
Amanda Matthews;Q27663653
Pintinho;Q3905323
Milton Barracks;Q24993621
Alexander Maurice Ramsay;Q21535310
Muldoon's;Q25006416
Ishikawa at-large district;Q11586273
Kaasik;Q16408976
Josh Shaw;Q27969620
National Highway 248 (India);Q25212375
John Hale Stutesman;Q23003161
W282CA;Q28129101
Ana Poščić;Q23933969
Mitchell Arts Centre;Q23833533
Robert Maxwell (cricketer);Q25189837
NAKS;Q23198422
The Bacchus Lady;Q22903362
Atemi Oyungu;Q23540906
Antonio de Zayas (bishop);Q23621977
Henry J. F. Miller;Q23132126
List of South African women artists;Q23541280
The Antwerp Dolls;Q23838367
Relief Society Documents Project;Q23013792
Alphabatim;Q24950335
Catherine Beaulieu Bouvier Lamoureux;Q23035472
Richardson Lake (disambiguation);Q22889571
Church of St Cyril of Turau and All the Patron Saints of the Belarusian People;Q23541304
Coos History Museum;Q23023597
Acacia declinata;Q15289519
Mabbott;Q24085413
Positive handling;Q25104151
Julie 2;Q22905706
Zinc finger protein 791;Q18052547
MY Apodis;Q24949380
James White Cloud;Q19715173
Sutton Place Synagogue;Q24192767
Linda Secondary School;Q25059026
Laura Toivanen;Q1807842
Wipawee Srithong;Q22957147
2013 New Jersey Senate election;Q24456693
2016 Austrian Darts Open;Q24054411
Bironella obscura;Q13852390
Grant McKelvey;Q22964861
Kalevi Häkkinen;Q52407
Abel Hayes;Q23991172
Huni (disambiguation);Q25194251
Venkatappa Art Gallery;Q24950240
Nada Stotland;Q23771420
Shenzhen Safari Park;Q25058046
Carey Islands;Q18907778
Symphony No. 2 (Harbison);Q25218319
John Steven Satterthwaite;Q1701680
1992 European Athletics Indoor Championships – Women's 800 metres;Q25221394
Pulvinaria regalis;Q10646659
North and Midlands;Q24185161
1972 Washington Star International;Q4018437
Anton Legashov;Q4256900
Chaka Pilgrim;Q23541192
Giuseppe Rolli;Q27881200
Behold, a Pale Horse;Q24037360
Canada Di Flight;Q24905322
2016 FIBA Asia Challenge qualification;Q24909397
Ilia Isaev;Q23007654
Brother's Keeper (Supernatural);Q25218019
David McGuire (cricketer);Q23071287
Phall-O-Meter;Q27962885
Edoardo Collamarini;Q23584054
Horst Ohrloff;Q23091250
Robert Francon;Q24053504
Salle Gaston Médecin;Q22936222
Rumi Pukyu;Q25105443
Tina Beaudry-Mellor;Q23881382
2016 Geneva Open;Q24034656
F. Pratten and Co Ltd;Q24993674
Parischnolea jatai;Q14815860
Joanne Chang;Q24248250
Mohammed Ghouse;Q24946614
Trier Gold Hoard;Q16441401
Fontarnauite;Q19833684
Endapalli;Q50144594
Finlay Carson;Q24034357
Kevin Garcia (soccer, born 1990);Q23884122
Ibaraki at-large district;Q11617820
Ghost Writer (Japanese TV series);Q18642281
Santhosh Ananddram;Q24049121
Sophronica hologrisea;Q14719222
Ludwig Geißel;Q1874428
Metschnikowia pulcherrima;Q10583458
New Orleans Crescent Stars;Q23541104
Gabriel Mas;Q2015951
Jang Il-ok;Q23664257
Benin men's national under-18 basketball team;Q25064322
Perry Central Junior-Senior High School (Leopold, Indiana);Q25247949
Marconi Transistorised Automatic Computer;Q25210990
Frederick Clifford Dixon;Q23932748
Anil Kapoor filmography;Q24905060
List of aircraft (Sm);Q25210935
Jules Brateau;Q3188833
Photostatin;Q25339943
2016 Mid-Season Invitational;Q24641770
John Alexander McGeoch;Q23806467
Silver Lake (Waterford Township, Michigan);Q25238332
Esaias Wechter;Q6233933
Mill Cove School;Q24765481
Yalti Napangati;Q12860160
1991 IAAF World Indoor Championships – Women's 60 metres hurdles;Q25059063
Streptomyces malachitospinus;Q26291076
Abdusalam Al-Sherif;Q22947444
Kathleen A. Doherty;Q22957983
Marie-Reine de Jaham;Q12894102
Pikiulleq;Q3904941
Sandhja;Q16868758
Manuel Gómez-Moreno;Q30707585
City Gala;Q23016714
Gabrielle Nowee;Q23008024
Ibrahim Bingöl;Q15965078
24th Airborne Division (France);Q16008999
Cryptophasa melanoscia;Q13502955
Malacrianza;Q24037167
Death by GPS;Q25105127
70,000 Character Petition;Q10864465
1932–33 Bezirksliga Bayern;Q25057632
Ičko's Peace;Q12752442
Chief Little Wolf;Q21538978
Jalauka;Q25302715
Take a Seat;Q23808580
Anora Davlyatova;Q24007603
Manihera;Q24088182
Malawi men's national under-18 basketball team;Q25064216
Hundvåg Tunnel;Q23899320
Shu Nakamura;Q17219757
Philly Swain;Q23418705
Carlos III Health Institute;Q5918335
Alexis Boling;Q21999111
Sinningia globulosa;Q25095504
Psittacastis championella;Q14193894
Raymonde Guyot;Q3421268
2015–16 Belgian Third Division;Q19788022
Mahipetsinhji;Q23883038
2009–10 Montenegrin Second League;Q6123714
Tughan al-Nasiri;Q23620111
Raja Shiva Prasad College;Q24947280
Channel the Spirits;Q23762970
East Arlington Village Historic District;Q24191665
Yorkshire Diamonds;Q24039398
Norman Savage;Q15837050
Gonionota insignata;Q13645523
José de Bastos;Q16264907
Mohammed Salem (footballer, born 1985);Q22442696
Plymouth High School (Indiana);Q25205735
Nazraeli Press;Q25022244
Opening Dance;Q24965324
Elizabeth le Fey;Q24075484
Northern Sun men's basketball tournament;Q23303290
1992 European Athletics Indoor Championships – Women's shot put;Q25221412
Philippa Christian;Q25999415
Lovisa Lindh;Q4962811
Stone Corral Creek (Colusa County, California);Q25205687
Palentino;Q24189990
List of best-selling singles and albums of 2012 in Ireland;Q24075554
Stephanie A. Majewski;Q24248216
Johnny Seesaw's;Q24041200
Sant Feliu, Xàtiva;Q5836093
Cryptophasa argophanta;Q13502903
Wanjii Hydroelectric Power Station;Q24236466
Akright City;Q24054201
Perfluorocycloalkene;Q25344951
Denton Homestead;Q23091496
Statue of Christian Peter Wilhelm Beuth;Q24977000
XHXT-FM;Q25000902
Echinanthera;Q5077066
Acacia tenuissima;Q15289256
Embedded Visual Basic;Q25103654
Frys.com Open;Q25114744
Francesco Superti;Q23984532
Epilachna;Q4038144
Rama Rahasya Upanishad;Q12449559
2016 Engie Open de Seine-et-Marne – Singles;Q24907963
Tennis at the 1999 SEA Games;Q23039453
Peter Pusey;Q21165192
Barnes-Hill House;Q24553451
Western Boat Building Company;Q24525685
Bronshtein and Semendyayev;Q1278045
Pengkalan Rinting (state constituency);Q25246203
Latawan;Q24950268
1988 American South Conference men's basketball tournament;Q24284023
Eberjagd um 1500;Q24976714
Shelly Pennefather;Q23013789
Thomas, Count of Perche;Q2480217
Eclipse Jazz;Q30588946
1995–96 Eintracht Frankfurt season;Q25238547
Rodolphe Desdunes;Q23058864
Elba Center, Illinois;Q24061763
Richard Barratt;Q24844277
Rav Teitz Mesivta Academy;Q24204436
2016 Southland Conference softball tournament;Q24908219
Albrecht Bethe;Q109315
Jules Vernet;Q21646844
Romans Suta;Q6711504
2016 AFF Futsal Championship;Q23057827
Ghosalegad Fort;Q24950067
Odites isocentra;Q13910379
Street Sk8er 2;Q20963376
George Merrick (rugby union);Q23008228
Xu Shihui;Q16907065
Watashi ga Iu Mae ni Dakishimenakya ne;Q12712466
Abdurahman Waleed;Q24007548
Frederick Foote Johnson;Q23020795
Mobile tower fraud;Q24946180
Gerard, South Australia;Q24191347
Cordylobia rodhaini;Q14538324
Henry Wilson (rugby union);Q18703006
Suzanne Mary Prober;Q5392045
Reginald Butterworth;Q22947728
Imposters (TV series);Q25104078
1912 Kendall Orange and Black football team;Q24636069
River Inny (County Kerry);Q25207770
Stavroula Samara;Q2334990
Insular Chile;Q2053376
Kharavate;Q24950277
James Henry Carmichael Jr.;Q26763613
Myles Conte;Q24054491
Global Expansion Summit;Q25110089
2015 European Champions Cup (baseball);Q20026697
Smaïl Lahoua Stadium;Q20971177
No Moccasin Creek;Q24061728
Chanda Fort railway station;Q24947871
Richard Maxton;Q23769963
Derek Robertson;Q30707361
2015–16 North Dakota Fighting Hawks men's ice hockey season;Q24908455
Pompilio Maria Pirrotti;Q954021
Twinkl;Q25936435
Correspondence Theatre;Q16083886
Rudolf Hübner;Q2173018
Wang Zhiwen (calligrapher);Q25212978
Credito Romagnolo;Q3696884
Niemandsland and Beyond;Q24234066
Santa Maria Assunta, Pievepelago;Q25112886
Yedlin;Q56245935
2016 Fed Cup Americas Zone Group I – play-offs;Q23039134
Interosseous nerve;Q25100601
Fossoli;Q2494879
List of ships of World War II (W);Q23638578
H. L. and Gretchen Hoyt Corbett House;Q24041477
Pratley Putty;Q13035869
Satpati High School;Q24947174
Small Maf;Q25323878
A Espuma das Canções;Q2819731
François-Isidore Darquier;Q3083402
Ali Al-Shoalah;Q22548643
The Committee for Equal Justice;Q25338535
XHTOM-FM;Q25000938
Gilbert Ducournau;Q21994163
J. Prentiss Browne;Q22958638
Young Farmers (Switzerland);Q20989053
Statue of Nicholas of Tolentino, Charles Bridge;Q24971410
Bhausaheb Patil Chikatgaonkar;Q23884161
Ture Turesson (Bielke);Q6216898
Tommy Broom;Q23815269
Kasey Palmer;Q25389532
Theocratic Government;Q24948918
Tara Palmeri;Q23008068
Joe's Blues;Q10307564
How Funny;Q25302757
Bertram Ballard;Q21536007
Nauhjheel;Q24946596
Ralph Humphrey;Q21290829
Tristan Purifoy;Q24248274
Tobias Is an Angel;Q24905269
Stanislav Pozhlakov;Q4368740
Byal Orchard Historic District;Q24062001
Steven L. Labriola;Q23664202
Richard Moon;Q18526821
Dan McConchie;Q24053463
Liang Sili;Q8999147
Badadunguriguda;Q24945966
St. Sava Church;Q15958063
2016 Geneva Open – Doubles;Q24065392
Siv Elin Hansen;Q22958150
Raja Kuning;Q11346947
Cerconota dryoscia;Q25096058
Ex voto of Daochos;Q24913835
Abdulkadir Dan Bawa;Q25057565
Emile Hirsch (painter);Q3588563
Atilio Maccarone;Q25039615
Orlando International Airport Intermodal Terminal;Q24256821
Virgilio Monti;Q23020677
Reich Harvest Thanksgiving Festival;Q2139454
Elvira Natali;Q19751738
HMS Arethusa (1817);Q25171713
Holy Island War Memorial;Q22961990
Condemned (2015 film);Q24008176
One Alone (album);Q25096081
LeRoy Clarke;Q23682750
Ajoy Das;Q23663993
Wilburn House;Q25004888
Tarttelin;Q24088101
First Channel;Q22943353
Quddus Muhammadiy;Q20532954
R407 road (Ireland);Q24197040
Gödel, Kastamonu;Q6725040
Boys Drawing;Q21258327
Canton of Saint-Aubin-d'Aubigné;Q1252813
Colette Mathur;Q23707643
March 2016 Hillah suicide truck bombing;Q23018776
Young & Fabulous;Q24000042
Berberis empetrifolia;Q1790536
Frank A Buckless;Q24034407
Vishwas Nangare Patil;Q37992872
Gibbovalva clavata;Q23005207
Toil (Shlonsky poem);Q25205726
The Magic Tower and Other One-Act Plays;Q24964405
George Niemann;Q1507990
Isabelle Cruz;Q23887506
Timeline of labour in Greater Sudbury;Q24191949
Iron Circus Comics;Q60740304
Sepanggar (federal constituency);Q25241015
Meanings of minor planet names: 450001–451000;Q25058491
Pohjola Insurance building;Q2929266
Edwin Castagna;Q23016719
1990 Tongatapu Inter Club Championship;Q25241776
Acacia chrysochaeta;Q15289683
Eucalyptus pendens;Q7212991
Acacia fuscaneura;Q24190110
Governor of Inverness;Q24197248
List of Justin Time episodes;Q25000784
J. J. Syvrud;Q23018429
Mandla Fort railway station;Q24948616
Sandra Van Embricqs;Q2000089
Debromoaplysiatoxin;Q23718672
Y Gymraes;Q24993788
Inka Pirqa (disambiguation);Q25194146
Nicasius of Rouen;Q3339549
2016 UK Open;Q22673228
Aurelia E. Brazeal;Q23894465
Rucha Divekar;Q23883782
Geistliche Gesänge, Op. 110;Q24256360
McGranahan Portion of the Chisholm Trail Roadbed;Q24062154
Pascal Thiébaut;Q3367614
Mimozotale longipennis;Q14826494
William Brinsley;Q24034890
Kume Preko;Q25230601
Davinciite;Q19833494
Raul Midón;Q1375278
Tanya Mityushina;Q22712579
Listeria grayi;Q3834923
Tardiness;Q82299449
Theresienstadt (disambiguation);Q1521683
Dale O'Halloran;Q23304418
Kurils Nature Reserve;Q4248375
District Council of Highercombe;Q24190355
Langfitt Run;Q25025200
Gonioterma dimetropis;Q13645636
Waka (mythology);Q25205801
Notodoris citrina;Q24188944
1981 Connecticut Huskies football team;Q23302427
Hong Kong Maritime and Port Board;Q24908145
Kalasam (TV series);Q25302760
A Decent Man (2015 French film);Q23091027
Delirium (Lacuna Coil album);Q23647055
Brezna;Q2924803
Baadur Tsuladze;Q4506153
South Carolina Highway 182;Q25006165
Minnesota Department of Public Safety;Q16664660
Robert Favart;Q3435084
Charles A. Cogswell;Q23688767
Steyn von Rönge;Q11243068
Divine Mercy in Song;Q23926748
Prime Commercial Bank;Q13183554
St. James' Church, Nallur;Q24949103
Food Recovery Network;Q24534733
Giovanni Paternò;Q23619276
Scottish Alternative Music Awards;Q24997120
Dorcadion sevliczi;Q14806632
Carine Yoh;Q1036242
CSM Oradea (men's handball);Q23305801
Nishnabotna Ferry House;Q24256875
Synaptojanin 1;Q18033489
Thinkmoney;Q25112270
Jazz in Mexico;Q25101770
Gonionota isastra;Q25095174
Ace (yacht);
Finn Warner;Q24964817
Richard Louveteau Glasspool;Q18880192
Durnesh Lough;Q24196710
1971 Scottish local elections;Q24197258
Stenoma ptychophthalma;Q14400447
Black Flag (song);Q25217545
Vista Bank;Q24260966
1989–90 Courage League National Division Three;Q24993150
Isles of Despair;Q24255891
Parbhani Junction railway station;Q24718427
Danville Main Street Historic District;Q24062036
Fire rock;Q23580337
List of wealthiest religious organizations;Q25037105
Edmond Burat de Gurgy;Q4101483
1988 NCAA Division I men's basketball championship game;Q25005331
Megatamainho;Q23985720
Petit-Caux;Q21979907
Hovgaard Island (Greenland);Q17518525
